<?xml version="1.0" encoding="UTF-8"?>
<project-private xmlns="http://www.netbeans.org/ns/project-private/1">
    <editor-bookmarks xmlns="http://www.netbeans.org/ns/editor-bookmarks/2" lastBookmarkId="2">
        <file>
            <url>src/project/Admin.java</url>
            <bookmark id="1">
                <name/>
                <line>293</line>
                <key/>
            </bookmark>
            <bookmark id="2">
                <name/>
                <line>297</line>
                <key/>
            </bookmark>
        </file>
    </editor-bookmarks>
    <open-files xmlns="http://www.netbeans.org/ns/projectui-open-files/2">
        <group>
            <file>file:/Users/mac/Desktop/project%202/src/Admin/AddCat.java</file>
            <file>file:/Users/mac/Desktop/project%202/src/Admin/Companies.java</file>
            <file>file:/Users/mac/Desktop/project%202/src/client/welcome.java</file>
            <file>file:/Users/mac/Desktop/project%202/src/Admin/Employees.java</file>
            <file>file:/Users/mac/Desktop/project%202/src/Admin/reset.java</file>
            <file>file:/Users/mac/Desktop/project%202/src/Admin/AddApp.java</file>
            <file>file:/Users/mac/Desktop/project%202/src/Admin/AdminLogin.java</file>
            <file>file:/Users/mac/Desktop/project%202/src/client/Search.java</file>
            <file>file:/Users/mac/Desktop/project%202/src/Admin/Home.java</file>
            <file>file:/Users/mac/Desktop/project%202/src/Admin/SignUp.java</file>
        </group>
    </open-files>
</project-private>
